[
    {"id":"1","image":"http://360contest.demo.agriya.com/img/browse_thumb/ContestType/548.998a6a1d45624fb0beaaf4d82a295615.jpg","name":"Every Logo design","owner":"by user","startdate":"Sep 10, 2017","enddate":"Sep 10, 2017","count":"1","price":"70.00"},
    {"id":"2","image":"http://360contest.demo.agriya.com/img/browse_thumb/ContestType/548.998a6a1d45624fb0beaaf4d82a295615.jpg","name":"contest 2","owner":"by user","startdate":"Sep 10, 2017","enddate":"Sep 10, 2017","count":"1","price":"20.00"},
    {"id":"3","image":"http://360contest.demo.agriya.com/img/browse_thumb/ContestType/548.998a6a1d45624fb0beaaf4d82a295615.jpg","name":"contest 3","owner":"by user","startdate":"Sep 10, 2017","enddate":"Sep 10, 2017","count":"1","price":"70.00"},
    {"id":"4","image":"http://360contest.demo.agriya.com/img/browse_thumb/ContestType/548.998a6a1d45624fb0beaaf4d82a295615.jpg","name":"contest 4","owner":"by user","startdate":"Sep 10, 2017","enddate":"Sep 10, 2017","count":"1","price":"70.00"},
    {"id":"5","image":"http://360contest.demo.agriya.com/img/browse_thumb/ContestType/548.998a6a1d45624fb0beaaf4d82a295615.jpg","name":"contest 5","owner":"by user","startdate":"Sep 10, 2017","enddate":"Sep 10, 2017","count":"1","price":"70.00"},
    {"id":"6","image":"http://360contest.demo.agriya.com/img/browse_thumb/ContestType/548.998a6a1d45624fb0beaaf4d82a295615.jpg","name":"contest 6","owner":"by user","startdate":"Sep 10, 2017","enddate":"Sep 10, 2017","count":"1","price":"70.00"},
    {"id":"7","image":"http://360contest.demo.agriya.com/img/browse_thumb/ContestType/548.998a6a1d45624fb0beaaf4d82a295615.jpg","name":"contest 7","owner":"by user","startdate":"Sep 10, 2017","enddate":"Sep 10, 2017","count":"1","price":"70.00"}
  
]